"protein"	"is_antigenic"	"similarity_cluster"	"in_antigenic_cluster"	"selfSimilarity_cluster"	"in_selfAntigenic_cluster"
"A0A134DLM4"	0	39545	0	515	0
"A0A134DLM6"	0	40317	0	1288	0
"A0A134DLM9"	0	40856	0	1827	0
"A0A134DLN2"	0	39384	0	354	0
"A0A134DLN7"	0	40329	0	1300	0
"A0A134DLN8"	0	40858	0	1829	0
"A0A134DLN9"	0	40149	0	1120	0
"A0A134DLP0"	0	39273	0	243	0
"A0A134DLP1"	0	39387	0	357	0
"A0A134DLP2"	0	39383	0	353	0
"A0A134DLP3"	0	39882	0	852	0
"A0A134DLP4"	0	40133	0	1104	0
"A0A134DLP5"	0	39229	0	199	0
"A0A134DLP7"	0	40357	0	1328	0
"A0A134DLP8"	0	39367	0	337	0
"A0A134DLP9"	0	40218	0	1189	0
"A0A134DLQ0"	0	39599	0	569	0
"A0A134DLQ1"	0	39937	0	907	0
"A0A134DLQ2"	0	39714	0	684	0
"A0A134DLQ3"	0	39134	0	104	0
"A0A134DLQ4"	0	39768	0	738	0
"A0A134DLQ5"	0	40074	0	1045	0
"A0A134DLQ6"	0	40284	0	1255	0
"A0A134DLQ7"	0	39196	0	166	0
"A0A134DLQ8"	0	40028	0	999	0
"A0A134DLQ9"	0	40746	0	1717	0
"A0A134DLR0"	0	40829	0	1800	0
"A0A134DLR1"	0	39101	0	71	0
"A0A134DLR2"	0	39894	0	864	0
"A0A134DLR3"	0	40681	0	1652	0
"A0A134DLR4"	0	40108	0	1079	0
"A0A134DLR5"	0	39309	0	279	0
"A0A134DLR6"	0	39814	0	784	0
"A0A134DLR7"	0	39106	0	76	0
"A0A134DLR8"	0	39477	0	447	0
"A0A134DLR9"	0	39579	0	549	0
"A0A134DLS0"	0	170	0	11	0
"A0A134DLS1"	0	39931	0	901	0
"A0A134DLS2"	0	40397	0	1368	0
"A0A134DLS3"	0	183	0	23	0
"A0A134DLS4"	0	40646	0	1617	0
"A0A134DLS5"	0	178	0	18	0
"A0A134DLS6"	0	40503	0	1474	0
"A0A134DLS7"	0	39305	0	275	0
"A0A134DLS8"	0	40409	0	1380	0
"A0A134DLS9"	0	40401	0	1372	0
"A0A134DLT0"	0	39062	0	32	0
"A0A134DLT1"	0	39877	0	847	0
"A0A134DLT3"	0	178	0	18	0
"A0A134DLT4"	0	40620	0	1591	0
"A0A134DLT5"	0	40185	0	1156	0
"A0A134DLT6"	0	167	0	8	0
"A0A134DLT7"	0	39339	0	309	0
"A0A134DLT8"	0	40475	0	1446	0
"A0A134DLT9"	0	39970	0	941	0
"A0A134DLU0"	0	39299	0	269	0
"A0A134DLU1"	0	39263	0	233	0
"A0A134DLU2"	0	40056	0	1027	0
"A0A134DLU3"	0	40265	0	1236	0
"A0A134DLU4"	0	40292	0	1263	0
"A0A134DLU5"	0	39211	0	181	0
"A0A134DLU6"	0	39237	0	207	0
"A0A134DLU7"	0	40303	0	1274	0
"A0A134DLU8"	0	39235	0	205	0
"A0A134DLU9"	0	40659	0	1630	0
"A0A134DLV0"	0	39184	0	154	0
"A0A134DLV1"	0	40775	0	1746	0
"A0A134DLV2"	0	40599	0	1570	0
"A0A134DLV3"	0	39120	0	90	0
"A0A134DLV4"	0	39075	0	45	0
"A0A134DLV5"	0	39188	0	158	0
"A0A134DLV6"	0	39371	0	341	0
"A0A134DLV7"	0	39500	0	470	0
"A0A134DLV8"	0	40324	0	1295	0
"A0A134DLV9"	0	40671	0	1642	0
"A0A134DLW0"	0	40693	0	1664	0
"A0A134DLW1"	0	40844	0	1815	0
"A0A134DLW2"	0	40801	0	1772	0
"A0A134DLW3"	0	187	0	27	0
"A0A134DLW4"	0	39268	0	238	0
"A0A134DLW5"	0	39145	0	115	0
"A0A134DLW6"	0	39482	0	452	0
"A0A134DLW7"	0	40405	0	1376	0
"A0A134DLW8"	0	39181	0	151	0
"A0A134DLW9"	0	40623	0	1594	0
"A0A134DLX0"	0	40190	0	1161	0
"A0A134DLX1"	0	40230	0	1201	0
"A0A134DLX2"	0	39304	0	274	0
"A0A134DLX3"	0	40404	0	1375	0
"A0A134DLX4"	0	40865	0	1836	0
"A0A134DLX5"	0	40369	0	1340	0
"A0A134DLX6"	0	180	0	20	0
"A0A134DLX7"	0	40531	0	1502	0
"A0A134DLX8"	0	172	0	13	0
"A0A134DLX9"	0	40554	0	1525	0
"A0A134DLY0"	0	39413	0	383	0
"A0A134DLY1"	0	181	0	21	0
"A0A134DLY2"	0	164	0	5	0
"A0A134DLY3"	0	40653	0	1624	0
"A0A134DLY4"	0	40519	0	1490	0
"A0A134DLY5"	0	39361	0	331	0
"A0A134DLY6"	0	39083	0	53	0
"A0A134DLY7"	0	39344	0	314	0
"A0A134DLY8"	0	39363	0	333	0
"A0A134DLY9"	0	39382	0	352	0
"A0A134DLZ0"	0	39431	0	401	0
"A0A134DLZ1"	0	39520	0	490	0
"A0A134DLZ2"	0	188	0	28	0
"A0A134DLZ3"	0	39358	0	328	0
"A0A134DLZ4"	0	40761	0	1732	0
"A0A134DLZ5"	0	39151	0	121	0
"A0A134DLZ6"	0	40806	0	1777	0
"A0A134DLZ8"	0	39114	0	84	0
"A0A134DLZ9"	0	40129	0	1100	0
"A0A134DM00"	0	168	0	9	0
"A0A134DM01"	0	39486	0	456	0
"A0A134DM02"	0	39474	0	444	0
"A0A134DM03"	0	39945	0	915	0
"A0A134DM04"	0	174	0	15	0
"A0A134DM05"	0	40206	0	1177	0
"A0A134DM06"	0	39123	0	93	0
"A0A134DM07"	0	40411	0	1382	0
"A0A134DM08"	0	39525	0	495	0
"A0A134DM09"	0	39414	0	384	0
"A0A134DM10"	0	39812	0	782	0
"A0A134DM11"	0	40814	0	1785	0
"A0A134DM12"	0	40529	0	1500	0
"A0A134DM13"	0	39743	0	713	0
"A0A134DM14"	0	40019	0	990	0
"A0A134DM15"	0	39067	0	37	0
"A0A134DM16"	0	40287	0	1258	0
"A0A134DM17"	0	184	0	24	0
"A0A134DM18"	0	40745	0	1716	0
"A0A134DM19"	0	40399	0	1370	0
"A0A134DM20"	0	39365	0	335	0
"A0A134DM21"	0	40433	0	1404	0
"A0A134DM22"	0	39905	0	875	0
"A0A134DM23"	0	39760	0	730	0
"A0A134DM24"	0	40663	0	1634	0
"A0A134DM25"	0	40757	0	1728	0
"A0A134DM26"	0	39260	0	230	0
"A0A134DM27"	0	39301	0	271	0
"A0A134DM28"	0	39432	0	402	0
"A0A134DM29"	0	40813	0	1784	0
"A0A134DM30"	0	40591	0	1562	0
"A0A134DM31"	0	40470	0	1441	0
"A0A134DM32"	0	40023	0	994	0
"A0A134DM33"	0	39775	0	745	0
"A0A134DM34"	0	39102	0	72	0
"A0A134DM35"	0	39697	0	667	0
"A0A134DM36"	0	40294	0	1265	0
"A0A134DM37"	0	40621	0	1592	0
"A0A134DM38"	0	40424	0	1395	0
"A0A134DM39"	0	40425	0	1396	0
"A0A134DM40"	0	39241	0	211	0
"A0A134DM41"	0	40017	0	988	0
"A0A134DM42"	0	40484	0	1455	0
"A0A134DM43"	0	40771	0	1742	0
"A0A134DM44"	0	39306	0	276	0
"A0A134DM45"	0	39378	0	348	0
"A0A134DM46"	0	39940	0	910	0
"A0A134DM47"	0	39874	0	844	0
"A0A134DM48"	0	39673	0	643	0
"A0A134DM49"	0	39369	0	339	0
"A0A134DM50"	0	40200	0	1171	0
"A0A134DM51"	0	40619	0	1590	0
"A0A134DM52"	0	39582	0	552	0
"A0A134DM53"	0	39158	0	128	0
"A0A134DM54"	0	40000	0	971	0
"A0A134DM55"	0	39730	0	700	0
"A0A134DM56"	0	40145	0	1116	0
"A0A134DM57"	0	173	0	14	0
"A0A134DM58"	0	40299	0	1270	0
"A0A134DM59"	0	39177	0	147	0
"A0A134DM60"	0	39972	0	943	0
"A0A134DM61"	0	40250	0	1221	0
"A0A134DM62"	0	39551	0	521	0
"A0A134DM63"	0	40548	0	1519	0
"A0A134DM64"	0	40390	0	1361	0
"A0A134DM65"	0	40799	0	1770	0
"A0A134DM66"	0	40552	0	1523	0
"A0A134DM67"	0	39504	0	474	0
"A0A134DM68"	0	39129	0	99	0
"A0A134DM69"	0	39216	0	186	0
"A0A134DM70"	0	39199	0	169	0
"A0A134DM71"	0	39193	0	163	0
"A0A134DM72"	0	40436	0	1407	0
"A0A134DM73"	0	40843	0	1814	0
"A0A134DM74"	0	166	0	7	0
"A0A134DM75"	0	40772	0	1743	0
"A0A134DM76"	0	39076	0	46	0
"A0A134DM77"	0	40457	0	1428	0
"A0A134DM78"	0	40710	0	1681	0
"A0A134DM79"	0	176	0	17	0
"A0A134DM80"	0	39255	0	225	0
"A0A134DM81"	0	40540	0	1511	0
"A0A134DM82"	0	39323	0	293	0
"A0A134DM83"	0	40563	0	1534	0
"A0A134DM84"	0	39170	0	140	0
"A0A134DM85"	0	39438	0	408	0
"A0A134DM86"	0	39659	0	629	0
"A0A134DM87"	0	40416	0	1387	0
"A0A134DM88"	0	40657	0	1628	0
"A0A134DM89"	0	40654	0	1625	0
"A0A134DM90"	0	39974	0	945	0
"A0A134DM91"	0	40577	0	1548	0
"A0A134DM92"	0	39529	0	499	0
"A0A134DM93"	0	39394	0	364	0
"A0A134DM94"	0	40648	0	1619	0
"A0A134DM95"	0	40124	0	1095	0
"A0A134DM96"	0	39395	0	365	0
"A0A134DM97"	0	40210	0	1181	0
"A0A134DM98"	0	39345	0	315	0
"A0A134DM99"	0	40413	0	1384	0
"A0A134DMA0"	0	40613	0	1584	0
"A0A134DMA1"	0	40387	0	1358	0
"A0A134DMA2"	0	39941	0	911	0
"A0A134DMA3"	0	39326	0	296	0
"A0A134DMA4"	0	40263	0	1234	0
"A0A134DMA5"	0	163	0	4	0
"A0A134DMA6"	0	39764	0	734	0
"A0A134DMA7"	0	40451	0	1422	0
"A0A134DMA8"	0	169	0	10	0
"A0A134DMA9"	0	40417	0	1388	0
"A0A134DMB0"	0	40645	0	1616	0
"A0A134DMB1"	0	39388	0	358	0
"A0A134DMB2"	0	39825	0	795	0
"A0A134DMB3"	0	39708	0	678	0
"A0A134DMB4"	0	185	0	25	0
"A0A134DMB5"	1	186	1	26	1
"A0A134DMB6"	0	40301	0	1272	0
"A0A134DMB7"	0	40738	0	1709	0
"A0A134DMB8"	0	39959	0	930	0
"A0A134DMB9"	0	39987	0	958	0
"A0A134DMC0"	0	40002	0	973	0
"A0A134DMC1"	0	164	0	5	0
"A0A134DMC2"	0	39734	0	704	0
"A0A134DMC3"	0	40309	0	1280	0
"A0A134DMC4"	0	39998	0	969	0
"A0A134DMC5"	0	40499	0	1470	0
"A0A134DMC6"	0	40594	0	1565	0
"A0A134DMC7"	0	40228	0	1199	0
"A0A134DMC8"	0	39429	0	399	0
"A0A134DMC9"	0	39281	0	251	0
"A0A134DMD0"	0	39457	0	427	0
"A0A134DMD1"	0	39368	0	338	0
"A0A134DMD2"	0	39164	0	134	0
"A0A134DMD3"	0	165	0	6	0
"A0A134DMD4"	0	40140	0	1111	0
"A0A134DMD5"	0	39921	0	891	0
"A0A134DMD6"	0	39865	0	835	0
"A0A134DMD7"	0	40314	0	1285	0
"A0A134DMD8"	0	39470	0	440	0
"A0A134DMD9"	0	40707	0	1678	0
"A0A134DME0"	0	40111	0	1082	0
"A0A134DME1"	0	39476	0	446	0
"A0A134DME2"	0	40221	0	1192	0
"A0A134DME3"	0	40407	0	1378	0
"A0A134DME4"	0	39780	0	750	0
"A0A134DME5"	0	39250	0	220	0
"A0A134DME6"	0	39963	0	934	0
"A0A134DME7"	0	39832	0	802	0
"A0A134DME8"	0	40434	0	1405	0
"A0A134DME9"	0	40818	0	1789	0
"A0A134DMF0"	0	40363	0	1334	0
"A0A134DMF1"	0	39201	0	171	0
"A0A134DMF2"	0	40057	0	1028	0
"A0A134DMF3"	0	40637	0	1608	0
"A0A134DMF4"	0	40479	0	1450	0
"A0A134DMF5"	0	40077	0	1048	0
"A0A134DMF6"	0	39222	0	192	0
"A0A134DMF7"	0	39600	0	570	0
"A0A134DMF8"	0	40392	0	1363	0
"A0A134DMF9"	0	40828	0	1799	0
"A0A134DMG0"	0	39855	0	825	0
"A0A134DMG1"	0	39098	0	68	0
"A0A134DMG2"	0	40060	0	1031	0
"A0A134DMG3"	0	40370	0	1341	0
"A0A134DMG4"	0	39074	0	44	0
"A0A134DMG5"	0	40666	0	1637	0
"A0A134DMG6"	0	40612	0	1583	0
"A0A134DMG7"	0	39738	0	708	0
"A0A134DMG8"	0	40288	0	1259	0
"A0A134DMG9"	0	40024	0	995	0
"A0A134DMH0"	0	40367	0	1338	0
"A0A134DMH1"	0	39373	0	343	0
"A0A134DMH2"	0	40517	0	1488	0
"A0A134DMH3"	0	40163	0	1134	0
"A0A134DMH4"	1	39591	1	561	1
"A0A134DMH5"	0	40521	0	1492	0
"A0A134DMH6"	0	39728	0	698	0
"A0A134DMH7"	0	39381	0	351	0
"A0A134DMH8"	0	40558	0	1529	0
"A0A134DMH9"	0	39380	0	350	0
"A0A134DMI0"	0	171	0	12	0
"A0A134DMI1"	0	39750	0	720	0
"A0A134DMI2"	0	40734	0	1705	0
"A0A134DMI3"	0	39594	0	564	0
"A0A134DMI4"	0	39354	0	324	0
"A0A134DMI5"	0	40467	0	1438	0
"A0A134DMI6"	0	39512	0	482	0
"A0A134DMI7"	0	40689	0	1660	0
"A0A134DMI8"	0	40226	0	1197	0
"A0A134DMI9"	0	39096	0	66	0
"A0A134DMJ0"	0	40395	0	1366	0
"A0A134DMJ1"	0	164	0	5	0
"A0A134DMJ2"	0	182	0	22	0
"A0A134DMJ3"	0	39125	0	95	0
"A0A134DMJ4"	0	40208	0	1179	0
"A0A134DMJ5"	0	39081	0	51	0
"A0A134DMJ6"	0	39717	0	687	0
"A0A134DMJ7"	0	39109	0	79	0
"A0A134DMJ8"	0	39430	0	400	0
"A0A134DMJ9"	0	40584	0	1555	0
"A0A134DMK0"	0	39245	0	215	0
"A0A134DMK1"	0	40732	0	1703	0
"A0A134DMK2"	0	40538	0	1509	0
"A0A134DMK3"	0	39569	0	539	0
"A0A134DMK4"	0	40341	0	1312	0
"A0A134DMK5"	0	40572	0	1543	0
"A0A134DMK6"	0	40468	0	1439	0
"A0A134DMK7"	0	40061	0	1032	0
"A0A134DMK8"	0	40510	0	1481	0
"A0A134DMK9"	0	40711	0	1682	0
"A0A134DML0"	0	40426	0	1397	0
"A0A134DML2"	0	39407	0	377	0
"A0A134DML3"	0	182	0	22	0
"A0A134DML4"	0	40098	0	1069	0
"A0A134DML5"	0	40295	0	1266	0
"A0A134DML6"	0	39207	0	177	0
"A0A134DML7"	0	40368	0	1339	0
"A0A134DML8"	0	39663	0	633	0
"A0A134DML9"	0	39670	0	640	0
"A0A134DMM0"	0	39497	0	467	0
"A0A134DMM1"	0	169	0	10	0
"A0A134DMM2"	0	40678	0	1649	0
"A0A134DMM3"	0	39606	0	576	0
"A0A134DMM4"	0	40735	0	1706	0
"A0A134DMM5"	0	39575	0	545	0
"A0A134DMM6"	0	39285	0	255	0
"A0A134DMM7"	0	40383	0	1354	0
"A0A134DMM8"	0	39537	0	507	0
"A0A134DMM9"	0	39333	0	303	0
"A0A134DMN0"	0	39417	0	387	0
"A0A134DMN1"	0	39856	0	826	0
"A0A134DMN2"	0	40231	0	1202	0
"A0A134DMN3"	0	39682	0	652	0
"A0A134DMN4"	0	39761	0	731	0
"A0A134DMN5"	0	40756	0	1727	0
"A0A134DMN6"	0	40144	0	1115	0
"A0A134DMN7"	0	39604	0	574	0
"A0A134DMN8"	0	40826	0	1797	0
"A0A134DMN9"	1	39613	1	583	1
"A0A134DMP0"	0	40366	0	1337	0
"A0A134DMP1"	0	39943	0	913	0
"A0A134DMP2"	0	39736	0	706	0
"A0A134DMP3"	0	39546	0	516	0
"A0A134DMP4"	0	40117	0	1088	0
"A0A134DMP5"	0	39248	0	218	0
"A0A134DMP6"	0	39679	0	649	0
"A0A134DMP7"	0	40691	0	1662	0
"A0A134DMP8"	0	39284	0	254	0
"A0A134DMP9"	0	40079	0	1050	0
"A0A134DMQ0"	0	40197	0	1168	0
"A0A134DMQ1"	0	184	0	24	0
"A0A134DMQ2"	0	39346	0	316	0
"A0A134DMQ3"	0	40219	0	1190	0
"A0A134DMQ4"	0	39858	0	828	0
"A0A134DMQ5"	0	39904	0	874	0
"A0A134DMQ6"	0	40412	0	1383	0
"A0A134DMQ7"	0	40489	0	1460	0
"A0A134DMQ8"	0	39514	0	484	0
"A0A134DMQ9"	0	39589	0	559	0
"A0A134DMR0"	0	40641	0	1612	0
"A0A134DMR1"	1	39583	1	553	1
"A0A134DMR2"	0	40167	0	1138	0
"A0A134DMR3"	0	39440	0	410	0
"A0A134DMR4"	0	40497	0	1468	0
"A0A134DMR5"	0	39802	0	772	0
"A0A134DMR6"	0	40667	0	1638	0
"A0A134DMR7"	0	40268	0	1239	0
"A0A134DMR8"	0	40359	0	1330	0
"A0A134DMR9"	0	39197	0	167	0
"A0A134DMS0"	0	39205	0	175	0
"A0A134DMS1"	0	39510	0	480	0
"A0A134DMS2"	0	40564	0	1535	0
"A0A134DMS3"	0	40421	0	1392	0
"A0A134DMS4"	0	40561	0	1532	0
"A0A134DMS5"	0	40456	0	1427	0
"A0A134DMS6"	0	40509	0	1480	0
"A0A134DMS7"	0	40565	0	1536	0
"A0A134DMS8"	0	40688	0	1659	0
"A0A134DMS9"	0	40189	0	1160	0
"A0A134DMT0"	0	39480	0	450	0
"A0A134DMT1"	0	39559	0	529	0
"A0A134DMT2"	0	40419	0	1390	0
"A0A134DMT3"	1	39135	1	105	1
"A0A134DMT4"	0	40636	0	1607	0
"A0A134DMT5"	0	39703	0	673	0
"A0A134DMT6"	0	40504	0	1475	0
"A0A134DMT7"	0	39078	0	48	0
"A0A134DMT8"	0	40091	0	1062	0
"A0A134DMT9"	0	39398	0	368	0
"A0A134DMU0"	0	40090	0	1061	0
"A0A134DMU1"	0	39668	0	638	0
"A0A134DMU2"	0	39896	0	866	0
"A0A134DMU3"	0	39696	0	666	0
"A0A134DMU4"	0	40273	0	1244	0
"A0A134DMU5"	0	39586	0	556	0
"A0A134DMU6"	0	40445	0	1416	0
"A0A134DMU7"	0	39792	0	762	0
"A0A134DMU8"	0	40282	0	1253	0
"A0A134DMU9"	0	39332	0	302	0
"A0A134DMV1"	0	39287	0	257	0
"A0A134DMV2"	0	39111	0	81	0
"A0A134DMV3"	0	40115	0	1086	0
"A0A134DMV4"	0	40276	0	1247	0
"A0A134DMV5"	0	39796	0	766	0
"A0A134DMV6"	0	40515	0	1486	0
"A0A134DMV7"	0	39647	0	617	0
"A0A134DMV8"	0	39393	0	363	0
"A0A134DMV9"	0	40364	0	1335	0
"A0A134DMW0"	0	39949	0	919	0
"A0A134DMW1"	0	40313	0	1284	0
"A0A134DMW2"	0	40473	0	1444	0
"A0A134DMW3"	0	40204	0	1175	0
"A0A134DMW4"	0	39917	0	887	0
"A0A134DMW5"	0	39720	0	690	0
"A0A134DMW6"	0	40695	0	1666	0
"A0A134DMW7"	0	40035	0	1006	0
"A0A134DMW8"	0	39536	0	506	0
"A0A134DMW9"	0	39174	0	144	0
"A0A134DMX0"	0	39264	0	234	0
"A0A134DMX1"	0	39518	0	488	0
"A0A134DMX3"	0	40352	0	1323	0
"A0A134DMX4"	0	39503	0	473	0
"A0A134DMX5"	0	40817	0	1788	0
"A0A134DMX6"	0	40088	0	1059	0
"A0A134DMX7"	0	40780	0	1751	0
"A0A134DMX8"	0	40638	0	1609	0
"A0A134DMX9"	0	40500	0	1471	0
"A0A134DMY0"	0	40384	0	1355	0
"A0A134DMY1"	0	40139	0	1110	0
"A0A134DMY2"	0	39318	0	288	0
"A0A134DMY3"	0	39966	0	937	0
"A0A134DMY4"	0	39788	0	758	0
"A0A134DMY5"	0	39789	0	759	0
"A0A134DMY6"	0	40389	0	1360	0
"A0A134DMY7"	0	40121	0	1092	0
"A0A134DMY8"	0	39210	0	180	0
"A0A134DMY9"	0	39571	0	541	0
"A0A134DMZ0"	0	40741	0	1712	0
"A0A134DMZ2"	0	39347	0	317	0
"A0A134DMZ3"	0	39990	0	961	0
"A0A134DMZ5"	0	165	0	6	0
"A0A134DMZ6"	0	40590	0	1561	0
"A0A134DMZ7"	0	40639	0	1610	0
"A0A134DMZ8"	0	39922	0	892	0
"A0A134DMZ9"	0	40720	0	1691	0
"A0A134DN00"	0	173	0	14	0
"A0A134DN02"	0	39272	0	242	0
"A0A134DN03"	0	40227	0	1198	0
"A0A134DN04"	1	40677	1	1648	1
"A0A134DN05"	0	40037	0	1008	0
"A0A134DN06"	0	39590	0	560	0
"A0A134DN07"	0	40866	0	1837	0
"A0A134DN08"	0	39645	0	615	0
"A0A134DN09"	0	40604	0	1575	0
"A0A134DN10"	0	40089	0	1060	0
"A0A134DN11"	0	39290	0	260	0
"A0A134DN12"	0	40160	0	1131	0
"A0A134DN13"	0	40452	0	1423	0
"A0A134DN14"	0	39759	0	729	0
"A0A134DN15"	0	161	0	2	0
"A0A134DN16"	0	186	1	26	1
"A0A134DN17"	0	40679	0	1650	0
"A0A134DN18"	0	40042	0	1013	0
"A0A134DN20"	0	39511	0	481	0
"A0A134DN21"	0	39547	0	517	0
"A0A134DN22"	0	40731	0	1702	0
"A0A134DN23"	0	40428	0	1399	0
"A0A134DN24"	0	40308	0	1279	0
"A0A134DN25"	0	39171	0	141	0
"A0A134DN26"	0	39385	0	355	0
"A0A134DN27"	0	39699	0	669	0
"A0A134DN28"	0	39700	0	670	0
"A0A134DN29"	0	39302	0	272	0
"A0A134DN30"	0	40044	0	1015	0
"A0A134DN31"	0	39721	0	691	0
"A0A134DN32"	0	39233	0	203	0
"A0A134DN33"	0	40696	0	1667	0
"A0A134DN34"	0	39360	0	330	0
"A0A134DN35"	0	39066	0	36	0
"A0A134DN36"	0	40039	0	1010	0
"A0A134DN37"	0	40697	0	1668	0
"A0A134DN38"	0	39628	0	598	0
"A0A134DN39"	0	40782	0	1753	0
"A0A134DN40"	0	39675	0	645	0
"A0A134DN41"	0	39420	0	390	0
"A0A134DN42"	0	39313	0	283	0
"A0A134DN43"	0	171	0	12	0
"A0A134DN44"	0	39829	0	799	0
"A0A134DN45"	0	39765	0	735	0
"A0A134DN46"	0	40254	0	1225	0
"A0A134DN47"	0	39190	0	160	0
"A0A134DN48"	0	39256	0	226	0
"A0A134DN49"	0	39592	0	562	0
"A0A134DN50"	0	39978	0	949	0
"A0A134DN51"	0	40022	0	993	0
"A0A134DN52"	0	39502	0	472	0
"A0A134DN53"	0	39088	0	58	0
"A0A134DN54"	0	39275	0	245	0
"A0A134DN55"	0	39517	0	487	0
"A0A134DN56"	0	39143	0	113	0
"A0A134DN57"	0	40212	0	1183	0
"A0A134DN58"	0	40353	0	1324	0
"A0A134DN59"	0	40739	0	1710	0
"A0A134DN60"	0	40860	0	1831	0
"A0A134DN61"	0	40257	0	1228	0
"A0A134DN62"	0	40435	0	1406	0
"A0A134DN63"	0	40573	0	1544	0
"A0A134DN64"	0	40585	0	1556	0
"A0A134DN65"	0	40157	0	1128	0
"A0A134DN66"	0	39934	0	904	0
"A0A134DN67"	0	40012	0	983	0
"A0A134DN69"	0	39749	0	719	0
"A0A134DN70"	0	40616	0	1587	0
"A0A134DN71"	0	39840	0	810	0
"A0A134DN72"	0	40700	0	1671	0
"A0A134DN73"	0	39831	0	801	0
"A0A134DN74"	0	40305	0	1276	0
"A0A134DN75"	0	40768	0	1739	0
"A0A134DN76"	0	40296	0	1267	0
"A0A134DN77"	0	40119	0	1090	0
"A0A134DN78"	0	39295	0	265	0
"A0A134DN79"	0	39362	0	332	0
"A0A134DN80"	0	40513	0	1484	0
"A0A134DN81"	0	40560	0	1531	0
"A0A134DN82"	0	39271	0	241	0
"A0A134DN83"	0	39849	0	819	0
"A0A134DN84"	0	40796	0	1767	0
"A0A134DN85"	0	40400	0	1371	0
"A0A134DN86"	0	40306	0	1277	0
"A0A134DN87"	0	39084	0	54	0
"A0A134DN88"	0	39276	0	246	0
"A0A134DN89"	0	40082	0	1053	0
"A0A134DN90"	0	40127	0	1098	0
"A0A134DN91"	0	39126	0	96	0
"A0A134DN92"	0	39859	0	829	0
"A0A134DN93"	0	39419	0	389	0
"A0A134DN94"	0	40166	0	1137	0
"A0A134DN95"	0	39758	0	728	0
"A0A134DN96"	0	39350	0	320	0
"A0A134DN97"	0	40173	0	1144	0
"A0A134DN98"	0	39898	0	868	0
"A0A134DN99"	0	40834	0	1805	0
"A0A134DNA0"	0	40438	0	1409	0
"A0A134DNA1"	0	39534	0	504	0
"A0A134DNA2"	0	39954	0	924	0
"A0A134DNA3"	0	39800	0	770	0
"A0A134DNA4"	0	39379	0	349	0
"A0A134DNA5"	0	39902	0	872	0
"A0A134DNA6"	0	40114	0	1085	0
"A0A134DNA7"	0	39372	0	342	0
"A0A134DNA8"	0	40492	0	1463	0
"A0A134DNA9"	0	40838	0	1809	0
"A0A134DNB0"	0	40578	0	1549	0
"A0A134DNB1"	0	40085	0	1056	0
"A0A134DNB2"	0	39127	0	97	0
"A0A134DNB3"	0	40673	0	1644	0
"A0A134DNB4"	0	40094	0	1065	0
"A0A134DNB5"	0	40070	0	1041	0
"A0A134DNB6"	0	40342	0	1313	0
"A0A134DNB7"	0	39294	0	264	0
"A0A134DNB8"	0	39815	0	785	0
"A0A134DNB9"	0	40728	0	1699	0
"A0A134DNC0"	0	39755	0	725	0
"A0A134DNC1"	0	39168	0	138	0
"A0A134DNC2"	0	39327	0	297	0
"A0A134DNC3"	0	39997	0	968	0
"A0A134DNC4"	0	39867	0	837	0
"A0A134DNC5"	0	40649	0	1620	0
"A0A134DNC6"	0	40600	0	1571	0
"A0A134DNC7"	0	40116	0	1087	0
"A0A134DNC8"	0	40684	0	1655	0
"A0A134DNC9"	0	179	0	19	0
"A0A134DND0"	0	40025	0	996	0
"A0A134DND1"	0	39244	0	214	0
"A0A134DND2"	0	168	0	9	0
"A0A134DND3"	0	188	0	28	0
"A0A134DND4"	0	40706	0	1677	0
"A0A134DND5"	0	40236	0	1207	0
"A0A134DND6"	0	40325	0	1296	0
"A0A134DND7"	0	40373	0	1344	0
"A0A134DND8"	0	39465	0	435	0
"A0A134DND9"	0	39784	0	754	0
"A0A134DNE0"	0	39334	0	304	0
"A0A134DNE1"	0	40135	0	1106	0
"A0A134DNE2"	0	40381	0	1352	0
"A0A134DNE3"	0	40846	0	1817	0
"A0A134DNE4"	0	39428	0	398	0
"A0A134DNE5"	0	40661	0	1632	0
"A0A134DNE6"	0	40850	0	1821	0
"A0A134DNE7"	0	40703	0	1674	0
"A0A134DNE8"	0	40848	0	1819	0
"A0A134DNE9"	0	39524	0	494	0
"A0A134DNF0"	0	40835	0	1806	0
"A0A134DNF1"	0	40063	0	1034	0
"A0A134DNF2"	0	40759	0	1730	0
"A0A134DNF3"	0	40154	0	1125	0
"A0A134DNF4"	0	40388	0	1359	0
"A0A134DNF5"	0	39296	0	266	0
"A0A134DNF6"	0	39447	0	417	0
"A0A134DNF7"	0	39320	0	290	0
"A0A134DNF8"	0	40624	0	1595	0
"A0A134DNF9"	0	40379	0	1350	0
"A0A134DNG0"	0	40328	0	1299	0
"A0A134DNG1"	0	40461	0	1432	0
"A0A134DNG2"	0	39163	0	133	0
"A0A134DNG3"	0	40769	0	1740	0
"A0A134DNG4"	0	40446	0	1417	0
"A0A134DNG5"	0	40790	0	1761	0
"A0A134DNG6"	0	40807	0	1778	0
"A0A134DNG7"	0	39632	0	602	0
"A0A134DNG8"	0	39321	0	291	0
"A0A134DNG9"	0	40784	0	1755	0
"A0A134DNH0"	0	39069	0	39	0
"A0A134DNH1"	0	39209	0	179	0
"A0A134DNH2"	0	40462	0	1433	0
"A0A134DNH3"	0	40150	0	1121	0
"A0A134DNH4"	0	40051	0	1022	0
"A0A134DNH5"	0	172	0	13	0
"A0A134DNH6"	0	40514	0	1485	0
"A0A134DNH7"	0	40234	0	1205	0
"A0A134DNH8"	0	40302	0	1273	0
"A0A134DNH9"	0	39108	0	78	0
"A0A134DNI0"	0	39242	0	212	0
"A0A134DNI1"	0	40285	0	1256	0
"A0A134DNI2"	0	39289	0	259	0
"A0A134DNI3"	0	39094	0	64	0
"A0A134DNI4"	0	39183	0	153	0
"A0A134DNI5"	0	39501	0	471	0
"A0A134DNI6"	0	39079	0	49	0
"A0A134DNI7"	0	40840	0	1811	0
"A0A134DNI8"	0	39526	0	496	0
"A0A134DNI9"	0	39103	0	73	0
"A0A134DNJ0"	0	40332	0	1303	0
"A0A134DNJ1"	0	39620	0	590	0
"A0A134DNJ2"	0	40142	0	1113	0
"A0A134DNJ3"	0	40069	0	1040	0
"A0A134DNJ4"	0	40205	0	1176	0
"A0A134DNJ5"	0	39650	0	620	0
"A0A134DNJ6"	0	39988	0	959	0
"A0A134DNJ7"	0	39437	0	407	0
"A0A134DNJ8"	0	40589	0	1560	0
"A0A134DNJ9"	0	39532	0	502	0
"A0A134DNK0"	0	40760	0	1731	0
"A0A134DNK1"	0	39763	0	733	0
"A0A134DNK2"	0	187	0	27	0
"A0A134DNK3"	0	40272	0	1243	0
"A0A134DNK4"	0	40630	0	1601	0
"A0A134DNK5"	0	39674	0	644	0
"A0A134DNK6"	0	39994	0	965	0
"A0A134DNK7"	0	39130	0	100	0
"A0A134DNK8"	0	39095	0	65	0
"A0A134DNK9"	0	40605	0	1576	0
"A0A134DNL0"	0	40334	0	1305	0
"A0A134DNL1"	0	40831	0	1802	0
"A0A134DNL2"	0	40311	0	1282	0
"A0A134DNL3"	0	40050	0	1021	0
"A0A134DNL4"	0	40333	0	1304	0
"A0A134DNL5"	0	40611	0	1582	0
"A0A134DNL6"	0	39257	0	227	0
"A0A134DNL7"	0	39063	0	33	0
"A0A134DNL8"	0	39132	0	102	0
"A0A134DNL9"	0	40842	0	1813	0
"A0A134DNM0"	0	40047	0	1018	0
"A0A134DNM1"	0	40078	0	1049	0
"A0A134DNM2"	0	40743	0	1714	0
"A0A134DNM3"	0	39336	0	306	0
"A0A134DNM4"	0	39854	0	824	0
"A0A134DNM5"	0	40048	0	1019	0
"A0A134DNM6"	0	39747	0	717	0
"A0A134DNM7"	0	39136	0	106	0
"A0A134DNM8"	0	40245	0	1216	0
"A0A134DNM9"	0	39374	0	344	0
"A0A134DNN0"	0	39808	0	778	0
"A0A134DNN1"	0	39266	0	236	0
"A0A134DNN2"	0	40557	0	1528	0
"A0A134DNN3"	0	39826	0	796	0
"A0A134DNN4"	0	39435	0	405	0
"A0A134DNN6"	0	39897	0	867	0
"A0A134DNN7"	0	39351	0	321	0
"A0A134DNN8"	0	40729	0	1700	0
"A0A134DNN9"	0	40011	0	982	0
"A0A134DNP0"	0	40038	0	1009	0
"A0A134DNP1"	0	39086	0	56	0
"A0A134DNP2"	0	40175	0	1146	0
"A0A134DNP3"	0	40453	0	1424	0
"A0A134DNP4"	0	39887	0	857	0
"A0A134DNP5"	0	40225	0	1196	0
"A0A134DNP6"	0	39179	0	149	0
"A0A134DNP7"	0	39739	0	709	0
"A0A134DNP8"	0	39651	0	621	0
"A0A134DNP9"	0	39756	0	726	0
"A0A134DNQ0"	0	39986	0	957	0
"A0A134DNQ1"	0	40719	0	1690	0
"A0A134DNQ2"	0	40580	0	1551	0
"A0A134DNQ3"	0	39999	0	970	0
"A0A134DNQ4"	0	39548	0	518	0
"A0A134DNQ5"	0	39641	0	611	0
"A0A134DNQ6"	0	39725	0	695	0
"A0A134DNQ7"	0	39713	0	683	0
"A0A134DNQ8"	0	39875	0	845	0
"A0A134DNQ9"	0	39141	0	111	0
"A0A134DNR0"	0	39357	0	327	0
"A0A134DNR1"	0	39161	0	131	0
"A0A134DNR2"	0	40104	0	1075	0
"A0A134DNR3"	0	40319	0	1290	0
"A0A134DNR4"	0	39491	0	461	0
"A0A134DNR5"	0	39089	0	59	0
"A0A134DNR7"	0	40634	0	1605	0
"A0A134DNR8"	0	39623	0	593	0
"A0A134DNR9"	0	40857	0	1828	0
"A0A134DNS0"	1	39217	1	187	1
"A0A134DNS1"	0	40601	0	1572	0
"A0A134DNS2"	0	40283	0	1254	0
"A0A134DNS3"	0	40868	0	1839	0
"A0A134DNS4"	0	40614	0	1585	0
"A0A134DNS5"	0	39198	0	168	0
"A0A134DNS6"	0	40248	0	1219	0
"A0A134DNS7"	0	39955	0	925	0
"A0A134DNS8"	0	40702	0	1673	0
"A0A134DNS9"	0	39662	0	632	0
"A0A134DNT0"	0	40701	0	1672	0
"A0A134DNT1"	0	39479	0	449	0
"A0A134DNT2"	0	39157	0	127	0
"A0A134DNT3"	0	39267	0	237	0
"A0A134DNT4"	0	39637	0	607	0
"A0A134DNT5"	0	39166	0	136	0
"A0A134DNT6"	0	39581	0	551	0
"A0A134DNT7"	0	40251	0	1222	0
"A0A134DNT9"	0	39992	0	963	0
"A0A134DNU0"	0	40358	0	1329	0
"A0A134DNU1"	0	39578	0	548	0
"A0A134DNU2"	0	39666	0	636	0
"A0A134DNU3"	0	40156	0	1127	0
"A0A134DNU4"	0	40493	0	1464	0
"A0A134DNU5"	0	39484	0	454	0
"A0A134DNU6"	0	40550	0	1521	0
"A0A134DNU7"	0	40269	0	1240	0
"A0A134DNU8"	0	39472	0	442	0
"A0A134DNU9"	0	39927	0	897	0
"A0A134DNV0"	0	39863	0	833	0
"A0A134DNV1"	0	39933	0	903	0
"A0A134DNV2"	0	40444	0	1415	0
"A0A134DNV3"	0	39911	0	881	0
"A0A134DNV4"	0	40316	0	1287	0
"A0A134DNV5"	0	39936	0	906	0
"A0A134DNV6"	0	40536	0	1507	0
"A0A134DNV7"	0	40270	0	1241	0
"A0A134DNV8"	0	39873	0	843	0
"A0A134DNV9"	0	40183	0	1154	0
"A0A134DNW0"	0	40811	0	1782	0
"A0A134DNW1"	0	39252	0	222	0
"A0A134DNW2"	0	39665	0	635	0
"A0A134DNW3"	0	40737	0	1708	0
"A0A134DNW4"	0	39218	0	188	0
"A0A134DNW5"	0	40146	0	1117	0
"A0A134DNW6"	0	40164	0	1135	0
"A0A134DNW7"	0	39355	0	325	0
"A0A134DNW8"	0	40520	0	1491	0
"A0A134DNW9"	0	40215	0	1186	0
"A0A134DNX0"	0	39962	0	933	0
"A0A134DNX1"	0	40220	0	1191	0
"A0A134DNX2"	0	39607	0	577	0
"A0A134DNX3"	0	163	0	4	0
"A0A134DNX4"	0	39149	0	119	0
"A0A134DNX5"	0	40148	0	1119	0
"A0A134DNX6"	0	40238	0	1209	0
"A0A134DNX7"	0	39227	0	197	0
"A0A134DNX8"	0	39543	0	513	0
"A0A134DNX9"	0	40065	0	1036	0
"A0A134DNY0"	0	40576	0	1547	0
"A0A134DNY1"	0	39884	0	854	0
"A0A134DNY2"	0	39901	0	871	0
"A0A134DNY3"	0	40491	0	1462	0
"A0A134DNY4"	0	39779	0	749	0
"A0A134DNY5"	0	39509	0	479	0
"A0A134DNY6"	0	40040	0	1011	0
"A0A134DNY7"	0	40725	0	1696	0
"A0A134DNY8"	0	39715	0	685	0
"A0A134DNY9"	0	39416	0	386	0
"A0A134DNZ0"	0	39799	0	769	0
"A0A134DNZ1"	0	39475	0	445	0
"A0A134DNZ2"	0	40483	0	1454	0
"A0A134DNZ3"	0	39297	0	267	0
"A0A134DNZ4"	0	40356	0	1327	0
"A0A134DNZ5"	0	39377	0	347	0
"A0A134DNZ6"	0	40485	0	1456	0
"A0A134DNZ7"	0	39072	0	42	0
"A0A134DNZ8"	0	40209	0	1180	0
"A0A134DNZ9"	0	165	0	6	0
"A0A134DP00"	0	40123	0	1094	0
"A0A134DP01"	0	39910	0	880	0
"A0A134DP02"	0	40059	0	1030	0
"A0A134DP03"	0	40862	0	1833	0
"A0A134DP04"	0	39180	0	150	0
"A0A134DP05"	0	40256	0	1227	0
"A0A134DP06"	0	39980	0	951	0
"A0A134DP07"	0	39483	0	453	0
"A0A134DP08"	0	40861	0	1832	0
"A0A134DP09"	0	39821	0	791	0
"A0A134DP10"	0	40259	0	1230	0
"A0A134DP11"	0	39173	0	143	0
"A0A134DP12"	0	39399	0	369	0
"A0A134DP13"	0	39983	0	954	0
"A0A134DP14"	0	39449	0	419	0
"A0A134DP15"	0	39737	0	707	0
"A0A134DP16"	0	40312	0	1283	0
"A0A134DP17"	0	39895	0	865	0
"A0A134DP18"	0	40045	0	1016	0
"A0A134DP19"	0	39967	0	938	0
"A0A134DP20"	0	40766	0	1737	0
"A0A134DP21"	0	40062	0	1033	0
"A0A134DP22"	0	40005	0	976	0
"A0A134DP23"	0	40767	0	1738	0
"A0A134DP25"	0	40066	0	1037	0
"A0A134DP26"	0	39153	0	123	0
"A0A134DP27"	0	40549	0	1520	0
"A0A134DP28"	0	40107	0	1078	0
"A0A134DP29"	0	40717	0	1688	0
"A0A134DP30"	0	40134	0	1105	0
"A0A134DP31"	0	39813	0	783	0
"A0A134DP32"	0	39146	0	116	0
"A0A134DP33"	0	39726	0	696	0
"A0A134DP34"	0	40280	0	1251	0
"A0A134DP35"	0	39160	0	130	0
"A0A134DP36"	0	40730	0	1701	0
"A0A134DP37"	0	40033	0	1004	0
"A0A134DP38"	0	39308	0	278	0
"A0A134DP39"	0	40211	0	1182	0
"A0A134DP40"	0	162	0	3	0
"A0A134DP41"	0	39778	0	748	0
"A0A134DP42"	0	39540	0	510	0
"A0A134DP43"	0	40361	0	1332	0
"A0A134DP44"	0	39490	0	460	0
"A0A134DP45"	0	39716	0	686	0
"A0A134DP46"	0	40810	0	1781	0
"A0A134DP47"	0	39223	0	193	0
"A0A134DP48"	0	39774	0	744	0
"A0A134DP49"	0	39617	0	587	0
"A0A134DP50"	0	40184	0	1155	0
"A0A134DP51"	0	40463	0	1434	0
"A0A134DP52"	0	39791	0	761	0
"A0A134DP53"	0	39773	0	743	0
"A0A134DP54"	0	39857	0	827	0
"A0A134DP55"	0	39710	0	680	0
"A0A134DP56"	0	40534	0	1505	0
"A0A134DP57"	0	40372	0	1343	0
"A0A134DP58"	0	39900	0	870	0
"A0A134DP59"	0	40579	0	1550	0
"A0A134DP60"	0	39152	0	122	0
"A0A134DP61"	0	39521	0	491	0
"A0A134DP62"	0	39240	0	210	0
"A0A134DP63"	0	39139	0	109	0
"A0A134DP64"	0	39929	0	899	0
"A0A134DP65"	0	39646	0	616	0
"A0A134DP66"	0	39681	0	651	0
"A0A134DP67"	0	40808	0	1779	0
"A0A134DP68"	0	39348	0	318	0
"A0A134DP69"	0	40447	0	1418	0
"A0A134DP70"	0	40674	0	1645	0
"A0A134DP71"	0	40833	0	1804	0
"A0A134DP72"	0	39144	0	114	0
"A0A134DP73"	0	39807	0	777	0
"A0A134DP74"	0	39640	0	610	0
"A0A134DP75"	0	40007	0	978	0
"A0A134DP76"	0	40586	0	1557	0
"A0A134DP77"	0	39667	0	637	0
"A0A134DP78"	0	40297	0	1268	0
"A0A134DP79"	0	40027	0	998	0
"A0A134DP80"	0	40511	0	1482	0
"A0A134DP81"	0	39881	0	851	0
"A0A134DP82"	0	39608	0	578	0
"A0A134DP83"	0	40722	0	1693	0
"A0A134DP84"	0	40486	0	1457	0
"A0A134DP85"	0	40440	0	1411	0
"A0A134DP86"	0	39846	0	816	0
"A0A134DP87"	0	39638	0	608	0
"A0A134DP88"	0	39402	0	372	0
"A0A134DP89"	0	40298	0	1269	0
"A0A134DP90"	0	39342	0	312	0
"A0A134DP91"	0	40527	0	1498	0
"A0A134DP92"	0	39341	0	311	0
"A0A134DP93"	0	40235	0	1206	0
"A0A134DP94"	0	40698	0	1669	0
"A0A134DP95"	0	40186	0	1157	0
"A0A134DP96"	0	40266	0	1237	0
"A0A134DP97"	0	40170	0	1141	0
"A0A134DP98"	0	39964	0	935	0
"A0A134DP99"	0	40113	0	1084	0
"A0A134DPA0"	0	39961	0	932	0
"A0A134DPA1"	0	40736	0	1707	0
"A0A134DPA2"	0	40800	0	1771	0
"A0A134DPA3"	0	39178	0	148	0
"A0A134DPA4"	0	40132	0	1103	0
"A0A134DPA5"	0	39916	0	886	0
"A0A134DPA6"	0	40539	0	1510	0
"A0A134DPA7"	0	39443	0	413	0
"A0A134DPA8"	0	40804	0	1775	0
"A0A134DPA9"	0	39766	0	736	0
"A0A134DPB0"	0	40331	0	1302	0
"A0A134DPB1"	0	40336	0	1307	0
"A0A134DPB2"	0	39113	0	83	0
"A0A134DPB3"	0	39722	0	692	0
"A0A134DPB4"	0	40422	0	1393	0
"A0A134DPB5"	0	39436	0	406	0
"A0A134DPB6"	0	39391	0	361	0
"A0A134DPB7"	0	39787	0	757	0
"A0A134DPB8"	0	40851	0	1822	0
"A0A134DPB9"	0	39912	0	882	0
"A0A134DPC0"	0	39985	0	956	0
"A0A134DPC1"	0	39919	0	889	0
"A0A134DPC2"	0	40631	0	1602	0
"A0A134DPC3"	0	40714	0	1685	0
"A0A134DPC4"	0	39643	0	613	0
"A0A134DPC5"	0	39303	0	273	0
"A0A134DPC6"	0	39833	0	803	0
"A0A134DPC7"	0	40327	0	1298	0
"A0A134DPC8"	0	39425	0	395	0
"A0A134DPC9"	0	40009	0	980	0
"A0A134DPD0"	0	40595	0	1566	0
"A0A134DPD1"	0	39159	0	129	0
"A0A134DPD2"	0	39258	0	228	0
"A0A134DPD3"	0	40522	0	1493	0
"A0A134DPD4"	0	39953	0	923	0
"A0A134DPD5"	0	40004	0	975	0
"A0A134DPD6"	0	39723	0	693	0
"A0A134DPD7"	0	39975	0	946	0
"A0A134DPD8"	0	40752	0	1723	0
"A0A134DPD9"	0	40792	0	1763	0
"A0A134DPE0"	0	39495	0	465	0
"A0A134DPE1"	0	39215	0	185	0
"A0A134DPE2"	0	40535	0	1506	0
"A0A134DPE3"	0	39598	0	568	0
"A0A134DPE4"	0	39908	0	878	0
"A0A134DPE5"	0	40740	0	1711	0
"A0A134DPE6"	0	39138	0	108	0
"A0A134DPE7"	0	39192	0	162	0
"A0A134DPE8"	0	39957	0	928	0
"A0A134DPE9"	0	40744	0	1715	0
"A0A134DPF0"	0	40402	0	1373	0
"A0A134DPF1"	0	40460	0	1431	0
"A0A134DPF2"	0	40647	0	1618	0
"A0A134DPF3"	0	40662	0	1633	0
"A0A134DPF4"	0	40849	0	1820	0
"A0A134DPF5"	0	40546	0	1517	0
"A0A134DPF6"	0	39944	0	914	0
"A0A134DPF8"	0	40322	0	1293	0
"A0A134DPF9"	0	39610	0	580	0
"A0A134DPG0"	0	39122	0	92	0
"A0A134DPG1"	0	39202	0	172	0
"A0A134DPG2"	0	40683	0	1654	0
"A0A134DPG4"	0	39485	0	455	0
"A0A134DPG5"	0	40692	0	1663	0
"A0A134DPG6"	0	40680	0	1651	0
"A0A134DPG7"	0	40588	0	1559	0
"A0A134DPG8"	0	40105	0	1076	0
"A0A134DPG9"	0	40293	0	1264	0
"A0A134DPH0"	0	39422	0	392	0
"A0A134DPH1"	0	39128	0	98	0
"A0A134DPH2"	0	40642	0	1613	0
"A0A134DPH3"	0	40058	0	1029	0
"A0A134DPH4"	0	39325	0	295	0
"A0A134DPH5"	0	39175	0	145	0
"A0A134DPH6"	0	39208	0	178	0
"A0A134DPH7"	0	40518	0	1489	0
"A0A134DPH8"	0	40153	0	1124	0
"A0A134DPH9"	0	40776	0	1747	0
"A0A134DPI0"	0	40530	0	1501	0
"A0A134DPI1"	0	40081	0	1052	0
"A0A134DPI2"	0	40229	0	1200	0
"A0A134DPI3"	0	40080	0	1051	0
"A0A134DPI4"	0	39359	0	329	0
"A0A134DPI5"	0	40712	0	1683	0
"A0A134DPI6"	0	40516	0	1487	0
"A0A134DPI7"	0	39451	0	421	0
"A0A134DPI8"	0	40809	0	1780	0
"A0A134DPI9"	0	39576	0	546	0
"A0A134DPJ0"	0	40465	0	1436	0
"A0A134DPJ1"	0	39996	0	967	0
"A0A134DPJ2"	0	39061	0	31	0
"A0A134DPJ3"	0	40289	0	1260	0
"A0A134DPJ4"	0	40617	0	1588	0
"A0A134DPJ5"	0	39115	0	85	0
"A0A134DPJ6"	0	40046	0	1017	0
"A0A134DPJ7"	0	39680	0	650	0
"A0A134DPJ8"	0	39533	0	503	0
"A0A134DPJ9"	0	39516	0	486	0
"A0A134DPK0"	0	39648	0	618	0
"A0A134DPK1"	0	39890	0	860	0
"A0A134DPK2"	0	40126	0	1097	0
"A0A134DPK3"	0	40274	0	1245	0
"A0A134DPK4"	0	39642	0	612	0
"A0A134DPK5"	0	39219	0	189	0
"A0A134DPK6"	0	39742	0	712	0
"A0A134DPK7"	0	40526	0	1497	0
"A0A134DPK8"	0	40188	0	1159	0
"A0A134DPK9"	0	40181	0	1152	0
"A0A134DPL0"	0	39847	0	817	0
"A0A134DPL1"	0	39616	0	586	0
"A0A134DPL2"	0	39685	0	655	0
"A0A134DPL3"	0	40551	0	1522	0
"A0A134DPL4"	0	39566	0	536	0
"A0A134DPL5"	0	40350	0	1321	0
"A0A134DPL6"	0	39727	0	697	0
"A0A134DPL7"	0	40398	0	1369	0
"A0A134DPL8"	0	39262	0	232	0
"A0A134DPL9"	0	39803	0	773	0
"A0A134DPM0"	0	39568	0	538	0
"A0A134DPM1"	0	40101	0	1072	0
"A0A134DPM2"	0	39625	0	595	0
"A0A134DPM3"	0	40237	0	1208	0
"A0A134DPM4"	0	162	0	3	0
"A0A134DPM5"	0	40762	0	1733	0
"A0A134DPM6"	0	40213	0	1184	0
"A0A134DPM7"	0	39077	0	47	0
"A0A134DPM8"	0	40073	0	1044	0
"A0A134DPM9"	0	39142	0	112	0
"A0A134DPN0"	0	39064	0	34	0
"A0A134DPN1"	0	39705	0	675	0
"A0A134DPN2"	0	39274	0	244	0
"A0A134DPN3"	0	39087	0	57	0
"A0A134DPN4"	0	39442	0	412	0
"A0A134DPN5"	0	40449	0	1420	0
"A0A134DPN6"	0	40528	0	1499	0
"A0A134DPN7"	0	168	0	9	0
"A0A134DPN8"	0	172	0	13	0
"A0A134DPN9"	0	40747	0	1718	0
"A0A134DPP0"	0	40420	0	1391	0
"A0A134DPP1"	0	40008	0	979	0
"A0A134DPP2"	0	40570	0	1541	0
"A0A134DPP3"	0	181	0	21	0
"A0A134DPP4"	0	40786	0	1757	0
"A0A134DPP5"	0	179	0	19	0
"A0A134DPP6"	0	180	0	20	0
"A0A134DPP7"	0	164	0	5	0
"A0A134DPP8"	0	39718	0	688	0
"A0A134DPP9"	0	39288	0	258	0
"A0A134DPQ0"	0	40097	0	1068	0
"A0A134DPQ1"	0	40779	0	1750	0
"A0A134DPQ2"	0	39071	0	41	0
"A0A134DPQ3"	0	187	0	27	0
"A0A134DPQ4"	0	40505	0	1476	0
"A0A134DPQ5"	0	40290	0	1261	0
"A0A134DPQ6"	0	40821	0	1792	0
"A0A134DPQ7"	0	39154	0	124	0
"A0A134DPQ8"	0	39147	0	117	0
"A0A134DPQ9"	0	39286	0	256	0
"A0A134DPR0"	0	40783	0	1754	0
"A0A134DPR1"	0	39505	0	475	0
"A0A134DPR2"	0	40068	0	1039	0
"A0A134DPR3"	0	40812	0	1783	0
"A0A134DPR4"	0	40864	0	1835	0
"A0A134DPR5"	0	40141	0	1112	0
"A0A134DPR6"	0	40168	0	1139	0
"A0A134DPR7"	0	40495	0	1466	0
"A0A134DPR8"	0	39828	0	798	0
"A0A134DPR9"	0	39870	0	840	0
"A0A134DPS0"	0	39639	0	609	0
"A0A134DPS1"	0	39461	0	431	0
"A0A134DPS2"	0	40802	0	1773	0
"A0A134DPS3"	0	39672	0	642	0
"A0A134DPS4"	0	40820	0	1791	0
"A0A134DPS5"	0	40656	0	1627	0
"A0A134DPS6"	0	40837	0	1808	0
"A0A134DPS7"	0	163	0	4	0
"A0A134DPS8"	0	39671	0	641	0
"A0A134DPS9"	0	40343	0	1314	0
"A0A134DPT0"	0	39225	0	195	0
"A0A134DPT1"	0	40029	0	1000	0
"A0A134DPT2"	0	40764	0	1735	0
"A0A134DPT3"	0	185	0	25	0
"A0A134DPT4"	0	39767	0	737	0
"A0A134DPT5"	0	39830	0	800	0
"A0A134DPT6"	0	40716	0	1687	0
"A0A134DPT7"	0	40360	0	1331	0
"A0A134DPT8"	0	40726	0	1697	0
"A0A134DPT9"	0	40607	0	1578	0
"A0A134DPU0"	0	39311	0	281	0
"A0A134DPU1"	0	40708	0	1679	0
"A0A134DPU2"	0	39104	0	74	0
"A0A134DPU3"	0	40718	0	1689	0
"A0A134DPU4"	0	40793	0	1764	0
"A0A134DPU5"	0	40165	0	1136	0
"A0A134DPU6"	0	39838	0	808	0
"A0A134DPU7"	0	40777	0	1748	0
"A0A134DPU8"	0	39439	0	409	0
"A0A134DPU9"	0	40699	0	1670	0
"A0A134DPV0"	0	40307	0	1278	0
"A0A134DPV1"	0	40547	0	1518	0
"A0A134DPV2"	0	39469	0	439	0
"A0A134DPV3"	0	40501	0	1472	0
"A0A134DPV4"	0	40003	0	974	0
"A0A134DPV5"	0	39203	0	173	0
"A0A134DPV6"	0	39409	0	379	0
"A0A134DPV7"	0	40512	0	1483	0
"A0A134DPV8"	0	39400	0	370	0
"A0A134DPV9"	0	39494	0	464	0
"A0A134DPW0"	0	40652	0	1623	0
"A0A134DPW1"	0	39156	0	126	0
"A0A134DPW2"	0	40130	0	1101	0
"A0A134DPW3"	0	39232	0	202	0
"A0A134DPW4"	0	39906	0	876	0
"A0A134DPW5"	0	40690	0	1661	0
"A0A134DPW6"	0	39624	0	594	0
"A0A134DPW7"	0	39427	0	397	0
"A0A134DPW8"	0	39279	0	249	0
"A0A134DPW9"	0	40855	0	1826	0
"A0A134DPX0"	0	39523	0	493	0
"A0A134DPX1"	0	40232	0	1203	0
"A0A134DPX2"	0	39322	0	292	0
"A0A134DPX3"	0	39585	0	555	0
"A0A134DPX4"	0	40787	0	1758	0
"A0A134DPX5"	0	40562	0	1533	0
"A0A134DPX6"	0	40064	0	1035	0
"A0A134DPX7"	0	39907	0	877	0
"A0A134DPX8"	0	40286	0	1257	0
"A0A134DPX9"	0	40310	0	1281	0
"A0A134DPY0"	0	40155	0	1126	0
"A0A134DPY1"	0	39415	0	385	0
"A0A134DPY2"	0	39693	0	663	0
"A0A134DPY3"	0	39238	0	208	0
"A0A134DPY4"	0	39605	0	575	0
"A0A134DPY5"	0	39213	0	183	0
"A0A134DPY6"	0	39466	0	436	0
"A0A134DPY7"	0	39845	0	815	0
"A0A134DPY8"	0	40075	0	1046	0
"A0A134DPY9"	0	40596	0	1567	0
"A0A134DPZ0"	0	39851	0	821	0
"A0A134DPZ1"	0	40192	0	1163	0
"A0A134DPZ2"	0	40102	0	1073	0
"A0A134DPZ3"	0	40559	0	1530	0
"A0A134DPZ4"	0	39785	0	755	0
"A0A134DPZ5"	0	39310	0	280	0
"A0A134DPZ6"	0	40541	0	1512	0
"A0A134DPZ7"	0	40633	0	1604	0
"A0A134DPZ8"	0	40682	0	1653	0
"A0A134DPZ9"	0	39221	0	191	0
"A0A134DQ00"	0	39669	0	639	0
"A0A134DQ01"	0	39116	0	86	0
"A0A134DQ02"	0	39560	0	530	0
"A0A134DQ03"	0	40490	0	1461	0
"A0A134DQ04"	0	40423	0	1394	0
"A0A134DQ05"	0	39652	0	622	0
"A0A134DQ06"	0	39818	0	788	0
"A0A134DQ07"	0	39753	0	723	0
"A0A134DQ08"	0	39614	0	584	0
"A0A134DQ09"	0	39107	0	77	0
"A0A134DQ10"	0	39228	0	198	0
"A0A134DQ11"	0	39110	0	80	0
"A0A134DQ12"	0	39552	0	522	0
"A0A134DQ13"	0	40816	0	1787	0
"A0A134DQ14"	0	40083	0	1054	0
"A0A134DQ15"	0	40071	0	1042	0
"A0A134DQ16"	0	39712	0	682	0
"A0A134DQ17"	0	40658	0	1629	0
"A0A134DQ18"	0	40795	0	1766	0
"A0A134DQ19"	0	39810	0	780	0
"A0A134DQ20"	0	40264	0	1235	0
"A0A134DQ21"	0	39330	0	300	0
"A0A134DQ22"	0	40758	0	1729	0
"A0A134DQ23"	0	39169	0	139	0
"A0A134DQ24"	0	39951	0	921	0
"A0A134DQ25"	0	40169	0	1140	0
"A0A134DQ26"	0	39182	0	152	0
"A0A134DQ27"	0	39771	0	741	0
"A0A134DQ28"	0	39588	0	558	0
"A0A134DQ29"	0	39664	0	634	0
"A0A134DQ30"	0	40459	0	1430	0
"A0A134DQ31"	0	40016	0	987	0
"A0A134DQ32"	0	40386	0	1357	0
"A0A134DQ33"	0	39454	0	424	0
"A0A134DQ34"	0	40660	0	1631	0
"A0A134DQ35"	0	40454	0	1425	0
"A0A134DQ36"	0	39406	0	376	0
"A0A134DQ37"	0	39298	0	268	0
"A0A134DQ38"	0	40687	0	1658	0
"A0A134DQ40"	0	39627	0	597	0
"A0A134DQ41"	0	40233	0	1204	0
"A0A134DQ42"	0	40568	0	1539	0
"A0A134DQ43"	0	39426	0	396	0
"A0A134DQ44"	0	39920	0	890	0
"A0A134DQ45"	0	39694	0	664	0
"A0A134DQ46"	0	39574	0	544	0
"A0A134DQ47"	0	40222	0	1193	0
"A0A134DQ48"	0	40602	0	1573	0
"A0A134DQ49"	0	39971	0	942	0
"A0A134DQ50"	0	40354	0	1325	0
"A0A134DQ51"	0	40715	0	1686	0
"A0A134DQ52"	0	40214	0	1185	0
"A0A134DQ53"	0	40010	0	981	0
"A0A134DQ54"	0	39467	0	437	0
"A0A134DQ55"	0	40507	0	1478	0
"A0A134DQ56"	0	40610	0	1581	0
"A0A134DQ57"	0	40036	0	1007	0
"A0A134DQ58"	0	39444	0	414	0
"A0A134DQ59"	0	39801	0	771	0
"A0A134DQ60"	0	39404	0	374	0
"A0A134DQ61"	0	39683	0	653	0
"A0A134DQ62"	0	40629	0	1600	0
"A0A134DQ63"	0	39531	0	501	0
"A0A134DQ64"	0	40615	0	1586	0
"A0A134DQ65"	0	40622	0	1593	0
"A0A134DQ66"	0	40754	0	1725	0
"A0A134DQ67"	0	39324	0	294	0
"A0A134DQ68"	0	39376	0	346	0
"A0A134DQ69"	0	39411	0	381	0
"A0A134DQ70"	0	39930	0	900	0
"A0A134DQ71"	0	39852	0	822	0
"A0A134DQ72"	0	39823	0	793	0
"A0A134DQ73"	0	39522	0	492	0
"A0A134DQ74"	0	39615	0	585	0
"A0A134DQ75"	0	40267	0	1238	0
"A0A134DQ76"	0	40709	0	1680	0
"A0A134DQ77"	0	39635	0	605	0
"A0A134DQ78"	0	40055	0	1026	0
"A0A134DQ79"	0	39782	0	752	0
"A0A134DQ80"	0	39965	0	936	0
"A0A134DQ81"	0	39530	0	500	0
"A0A134DQ82"	0	39745	0	715	0
"A0A134DQ83"	0	40415	0	1386	0
"A0A134DQ84"	0	40839	0	1810	0
"A0A134DQ85"	0	40824	0	1795	0
"A0A134DQ86"	0	39893	0	863	0
"A0A134DQ87"	0	127	0	927	0
"A0A134DQ88"	0	39140	0	110	0
"A0A134DQ89"	0	39888	0	858	0
"A0A134DQ90"	0	39892	0	862	0
"A0A134DQ91"	0	39155	0	125	0
"A0A134DQ92"	0	40241	0	1212	0
"A0A134DQ93"	0	39230	0	200	0
"A0A134DQ94"	0	39236	0	206	0
"A0A134DQ95"	0	39686	0	656	0
"A0A134DQ96"	0	39421	0	391	0
"A0A134DQ97"	0	39928	0	898	0
"A0A134DQ98"	0	40375	0	1346	0
"A0A134DQ99"	0	39816	0	786	0
"A0A134DQA0"	0	40262	0	1233	0
"A0A134DQA1"	0	39353	0	323	0
"A0A134DQA2"	0	39629	0	599	0
"A0A134DQA3"	0	39148	0	118	0
"A0A134DQA4"	0	39549	0	519	0
"A0A134DQA5"	0	39392	0	362	0
"A0A134DQA6"	0	40859	0	1830	0
"A0A134DQA7"	0	40362	0	1333	0
"A0A134DQA8"	0	40713	0	1684	0
"A0A134DQA9"	0	39554	0	524	0
"A0A134DQB0"	0	40249	0	1220	0
"A0A134DQB1"	0	40774	0	1745	0
"A0A134DQB2"	0	39995	0	966	0
"A0A134DQB3"	0	40822	0	1793	0
"A0A134DQB4"	0	39254	0	224	0
"A0A134DQB5"	0	40694	0	1665	0
"A0A134DQB6"	0	40827	0	1798	0
"A0A134DQB7"	0	39247	0	217	0
"A0A134DQB8"	0	39868	0	838	0
"A0A134DQB9"	0	40794	0	1765	0
"A0A134DQC0"	0	39366	0	336	0
"A0A134DQC1"	0	39224	0	194	0
"A0A134DQC2"	0	39891	0	861	0
"A0A134DQC3"	0	39418	0	388	0
"A0A134DQC4"	0	39553	0	523	0
"A0A134DQC5"	0	40805	0	1776	0
"A0A134DQC6"	0	40281	0	1252	0
"A0A134DQC7"	0	39403	0	373	0
"A0A134DQC8"	0	40532	0	1503	0
"A0A134DQC9"	0	40191	0	1162	0
"A0A134DQD0"	0	39644	0	614	0
"A0A134DQD1"	0	40162	0	1133	0
"A0A134DQD2"	0	40432	0	1403	0
"A0A134DQD3"	0	39506	0	476	0
"A0A134DQD4"	0	39772	0	742	0
"A0A134DQD5"	0	40841	0	1812	0
"A0A134DQD6"	0	40158	0	1129	0
"A0A134DQD7"	0	39390	0	360	0
"A0A134DQD8"	0	40608	0	1579	0
"A0A134DQD9"	0	39119	0	89	0
"A0A134DQE0"	0	39068	0	38	0
"A0A134DQE1"	0	39609	0	579	0
"A0A134DQE2"	0	40665	0	1636	0
"A0A134DQE3"	0	39837	0	807	0
"A0A134DQE4"	0	40773	0	1744	0
"A0A134DQE5"	0	40087	0	1058	0
"A0A134DQE6"	0	40374	0	1345	0
"A0A134DQE7"	0	40032	0	1003	0
"A0A134DQE8"	0	39278	0	248	0
"A0A134DQE9"	0	39798	0	768	0
"A0A134DQF0"	0	39836	0	806	0
"A0A134DQF1"	0	40152	0	1123	0
"A0A134DQF2"	0	39938	0	908	0
"A0A134DQF3"	0	40202	0	1173	0
"A0A134DQF4"	0	40330	0	1301	0
"A0A134DQF5"	0	39167	0	137	0
"A0A134DQF7"	0	40598	0	1569	0
"A0A134DQF8"	0	40246	0	1217	0
"A0A134DQF9"	0	39189	0	159	0
"A0A134DQG0"	0	40555	0	1526	0
"A0A134DQG1"	0	39186	0	156	0
"A0A134DQG2"	0	39795	0	765	0
"A0A134DQG3"	0	39282	0	252	0
"A0A134DQG4"	0	40597	0	1568	0
"A0A134DQG5"	0	39567	0	537	0
"A0A134DQG6"	0	39337	0	307	0
"A0A134DQG7"	0	40318	0	1289	0
"A0A134DQG8"	0	40147	0	1118	0
"A0A134DQG9"	0	40151	0	1122	0
"A0A134DQH0"	0	40338	0	1309	0
"A0A134DQH1"	0	40193	0	1164	0
"A0A134DQH2"	0	39924	0	894	0
"A0A134DQH3"	0	39570	0	540	0
"A0A134DQH4"	0	40803	0	1774	0
"A0A134DQH5"	0	39527	0	497	0
"A0A134DQH6"	0	40471	0	1442	0
"A0A134DQH7"	0	40798	0	1769	0
"A0A134DQH8"	0	40371	0	1342	0
"A0A134DQH9"	0	39684	0	654	0
"A0A134DQI0"	0	40847	0	1818	0
"A0A134DQI1"	0	39880	0	850	0
"A0A134DQI2"	0	40382	0	1353	0
"A0A134DQI3"	0	40644	0	1615	0
"A0A134DQI4"	0	40179	0	1150	0
"A0A134DQI5"	0	39307	0	277	0
"A0A134DQI6"	0	39948	0	918	0
"A0A134DQI7"	0	40651	0	1622	0
"A0A134DQI8"	0	40099	0	1070	0
"A0A134DQI9"	0	39259	0	229	0
"A0A134DQJ0"	0	39619	0	589	0
"A0A134DQJ1"	0	40109	0	1080	0
"A0A134DQJ2"	0	39195	0	165	0
"A0A134DQJ3"	0	40628	0	1599	0
"A0A134DQJ4"	0	39827	0	797	0
"A0A134DQJ5"	0	39914	0	884	0
"A0A134DQJ6"	0	39097	0	67	0
"A0A134DQJ7"	0	40279	0	1250	0
"A0A134DQJ8"	0	40224	0	1195	0
"A0A134DQJ9"	0	39375	0	345	0
"A0A134DQK0"	0	40571	0	1542	0
"A0A134DQK1"	0	40853	0	1824	0
"A0A134DQK2"	0	39471	0	441	0
"A0A134DQK3"	0	40472	0	1443	0
"A0A134DQK4"	0	40533	0	1504	0
"A0A134DQK5"	0	40323	0	1294	0
"A0A134DQK6"	0	40770	0	1741	0
"A0A134DQK7"	0	39883	0	853	0
"A0A134DQK8"	0	39458	0	428	0
"A0A134DQL0"	0	39315	0	285	0
"A0A134DQL1"	0	40100	0	1071	0
"A0A134DQL2"	0	40748	0	1719	0
"A0A134DQL3"	0	40195	0	1166	0
"A0A134DQL4"	0	40026	0	997	0
"A0A134DQL6"	0	40727	0	1698	0
"A0A134DQL7"	0	40049	0	1020	0
"A0A134DQL8"	0	40427	0	1398	0
"A0A134DQL9"	0	39065	0	35	0
"A0A134DQM0"	0	39396	0	366	0
"A0A134DQM1"	0	40609	0	1580	0
"A0A134DQM2"	0	40569	0	1540	0
"A0A134DQM3"	0	40742	0	1713	0
"A0A134DQM4"	0	40178	0	1149	0
"A0A134DQM5"	0	40625	0	1596	0
"A0A134DQM6"	0	40478	0	1449	0
"A0A134DQM7"	0	39946	0	916	0
"A0A134DQM8"	0	40034	0	1005	0
"A0A134DQM9"	0	39654	0	624	0
"A0A134DQN0"	0	39817	0	787	0
"A0A134DQN1"	0	40439	0	1410	0
"A0A134DQN2"	0	40441	0	1412	0
"A0A134DQN3"	0	175	0	16	0
"A0A134DQN4"	0	39331	0	301	0
"A0A134DQN6"	0	40414	0	1385	0
"A0A134DQN7"	0	174	0	15	0
"A0A134DQN8"	0	163	0	4	0
"A0A134DQN9"	0	39925	0	895	0
"A0A134DQP0"	0	40765	0	1736	0
"A0A134DQP1"	0	40502	0	1473	0
"A0A134DQP2"	0	40335	0	1306	0
"A0A134DQP4"	0	39820	0	790	0
"A0A134DQP5"	0	190	0	30	0
"A0A134DQP6"	0	39603	0	573	0
"A0A134DQP7"	0	39349	0	319	0
"A0A134DQP8"	0	39214	0	184	0
"A0A134DQP9"	0	40474	0	1445	0
"A0A134DQQ0"	0	40182	0	1153	0
"A0A134DQQ1"	0	39187	0	157	0
"A0A134DQQ2"	0	40664	0	1635	0
"A0A134DQQ3"	0	40429	0	1400	0
"A0A134DQQ4"	0	40469	0	1440	0
"A0A134DQQ5"	0	40466	0	1437	0
"A0A134DQQ6"	0	40672	0	1643	0
"A0A134DQQ7"	0	39408	0	378	0
"A0A134DQQ8"	0	40618	0	1589	0
"A0A134DQQ9"	0	39556	0	526	0
"A0A134DQR0"	0	39253	0	223	0
"A0A134DQR1"	0	39915	0	885	0
"A0A134DQR2"	0	39283	0	253	0
"A0A134DQR3"	0	40159	0	1130	0
"A0A134DQR4"	0	39317	0	287	0
"A0A134DQR5"	0	39848	0	818	0
"A0A134DQR6"	0	170	0	11	0
"A0A134DQR7"	0	39100	0	70	0
"A0A134DQR8"	0	176	0	17	0
"A0A134DQR9"	0	39688	0	658	0
"A0A134DQS1"	0	40239	0	1210	0
"A0A134DQS2"	0	40442	0	1413	0
"A0A134DQS3"	0	40137	0	1108	0
"A0A134DQS4"	0	40136	0	1107	0
"A0A134DQS5"	0	39991	0	962	0
"A0A134DQS6"	0	39249	0	219	0
"A0A134DQS7"	0	39950	0	920	0
"A0A134DQS8"	0	40583	0	1554	0
"A0A134DQS9"	0	40635	0	1606	0
"A0A134DQT0"	0	167	0	8	0
"A0A134DQT1"	0	40348	0	1319	0
"A0A134DQT2"	0	40198	0	1169	0
"A0A134DQT3"	0	166	0	7	0
"A0A134DQT4"	0	39704	0	674	0
"A0A134DQT5"	0	39550	0	520	0
"A0A134DQT6"	0	40196	0	1167	0
"A0A134DQT7"	1	40650	1	1621	1
"A0A134DQT8"	0	39528	0	498	0
"A0A134DQT9"	1	40581	1	1552	1
"A0A134DQU0"	0	39319	0	289	0
"A0A134DQU1"	0	39593	0	563	0
"A0A134DQU2"	0	39824	0	794	0
"A0A134DQU3"	0	40494	0	1465	0
"A0A134DQU4"	0	39626	0	596	0
"A0A134DQU5"	0	40448	0	1419	0
"A0A134DQU6"	0	40092	0	1063	0
"A0A134DQU7"	0	40498	0	1469	0
"A0A134DQU8"	0	40377	0	1348	0
"A0A134DQU9"	0	40869	0	1840	0
"A0A134DQV0"	0	39204	0	174	0
"A0A134DQV1"	0	40216	0	1187	0
"A0A134DQV2"	0	40172	0	1143	0
"A0A134DQV3"	0	39200	0	170	0
"A0A134DQV4"	0	40675	0	1646	0
"A0A134DQV5"	0	39093	0	63	0
"A0A134DQV6"	0	39080	0	50	0
"A0A134DQV7"	0	40243	0	1214	0
"A0A134DQV8"	0	40819	0	1790	0
"A0A134DQV9"	0	40355	0	1326	0
"A0A134DQW0"	0	39762	0	732	0
"A0A134DQW1"	0	39691	0	661	0
"A0A134DQW2"	0	39843	0	813	0
"A0A134DQW3"	0	40753	0	1724	0
"A0A134DQW4"	0	39618	0	588	0
"A0A134DQW5"	0	39487	0	457	0
"A0A134DQW6"	0	39498	0	468	0
"A0A134DQW8"	0	40084	0	1055	0
"A0A134DQW9"	0	40120	0	1091	0
"A0A134DQX0"	0	39676	0	646	0
"A0A134DQX1"	0	39777	0	747	0
"A0A134DQX2"	0	39923	0	893	0
"A0A134DQX3"	0	39118	0	88	0
"A0A134DQX4"	0	40524	0	1495	0
"A0A134DQX5"	0	39542	0	512	0
"A0A134DQX6"	0	39112	0	82	0
"A0A134DQX7"	0	40376	0	1347	0
"A0A134DQX8"	0	39687	0	657	0
"A0A134DQX9"	0	40582	0	1553	0
"A0A134DQY0"	0	39776	0	746	0
"A0A134DQY1"	0	39790	0	760	0
"A0A134DQY2"	0	40351	0	1322	0
"A0A134DQY3"	0	40464	0	1435	0
"A0A134DQY4"	0	40506	0	1477	0
"A0A134DQY5"	0	40258	0	1229	0
"A0A134DQY6"	0	39090	0	60	0
"A0A134DQY7"	0	39446	0	416	0
"A0A134DQY8"	0	40567	0	1538	0
"A0A134DQY9"	0	39989	0	960	0
"A0A134DQZ0"	0	40781	0	1752	0
"A0A134DQZ1"	0	39137	0	107	0
"A0A134DQZ2"	0	40410	0	1381	0
"A0A134DQZ3"	0	39316	0	286	0
"A0A134DQZ4"	0	40755	0	1726	0
"A0A134DQZ5"	0	39364	0	334	0
"A0A134DQZ6"	0	40627	0	1598	0
"A0A134DQZ7"	0	39621	0	591	0
"A0A134DQZ8"	0	40852	0	1823	0
"A0A134DQZ9"	0	40086	0	1057	0
"A0A134DR00"	0	40052	0	1023	0
"A0A134DR01"	0	39492	0	462	0
"A0A134DR02"	0	39769	0	739	0
"A0A134DR03"	0	40545	0	1516	0
"A0A134DR04"	0	40385	0	1356	0
"A0A134DR05"	0	39969	0	940	0
"A0A134DR06"	0	39370	0	340	0
"A0A134DR07"	0	40724	0	1695	0
"A0A134DR08"	0	39092	0	62	0
"A0A134DR09"	0	39445	0	415	0
"A0A134DR10"	0	40131	0	1102	0
"A0A134DR11"	0	40632	0	1603	0
"A0A134DR12"	0	40832	0	1803	0
"A0A134DR13"	0	39507	0	477	0
"A0A134DR14"	0	40815	0	1786	0
"A0A134DR15"	0	39656	0	626	0
"A0A134DR16"	0	40430	0	1401	0
"A0A134DR17"	0	39456	0	426	0
"A0A134DR18"	0	39356	0	326	0
"A0A134DR19"	0	40836	0	1807	0
"A0A134DR20"	0	39488	0	458	0
"A0A134DR21"	0	40337	0	1308	0
"A0A134DR22"	0	39335	0	305	0
"A0A134DR23"	0	39206	0	176	0
"A0A134DR24"	0	40481	0	1452	0
"A0A134DR25"	0	40482	0	1453	0
"A0A134DR26"	0	39584	0	554	0
"A0A134DR27"	0	40030	0	1001	0
"A0A134DR28"	0	40041	0	1012	0
"A0A134DR29"	0	39231	0	201	0
"A0A134DR30"	0	39314	0	284	0
"A0A134DR31"	0	40655	0	1626	0
"A0A134DR32"	0	39176	0	146	0
"A0A134DR33"	0	39499	0	469	0
"A0A134DR34"	0	39960	0	931	0
"A0A134DR35"	0	40394	0	1365	0
"A0A134DR36"	0	40455	0	1426	0
"A0A134DR37"	0	183	0	23	0
"A0A134DR38"	0	189	0	29	0
"A0A134DR39"	0	40194	0	1165	0
"A0A134DR40"	0	40450	0	1421	0
"A0A134DR41"	0	40488	0	1459	0
"A0A134DR42"	0	39463	0	433	0
"A0A134DR43"	0	40128	0	1099	0
"A0A134DR44"	0	39698	0	668	0
"A0A134DR45"	0	39389	0	359	0
"A0A134DR46"	0	189	0	29	0
"A0A134DR47"	0	40437	0	1408	0
"A0A134DR48"	0	39293	0	263	0
"A0A134DR49"	0	40704	0	1675	0
"A0A134DR50"	0	39862	0	832	0
"A0A134DR51"	0	40112	0	1083	0
"A0A134DR52"	0	39918	0	888	0
"A0A134DR53"	0	39191	0	161	0
"A0A134DR54"	0	40477	0	1448	0
"A0A134DR55"	0	39535	0	505	0
"A0A134DR56"	0	39410	0	380	0
"A0A134DR57"	0	39819	0	789	0
"A0A134DR58"	0	39243	0	213	0
"A0A134DR59"	0	40640	0	1611	0
"A0A134DR60"	0	40854	0	1825	0
"A0A134DR61"	0	39786	0	756	0
"A0A134DR62"	0	40275	0	1246	0
"A0A134DR63"	0	189	0	29	0
"A0A134DR64"	0	40785	0	1756	0
"A0A134DR65"	0	39690	0	660	0
"A0A134DR66"	0	40508	0	1479	0
"A0A134DR67"	0	39423	0	393	0
"A0A134DR68"	0	39462	0	432	0
"A0A134DR69"	0	39162	0	132	0
"A0A134DR70"	0	40574	0	1545	0
"A0A134DR71"	0	39386	0	356	0
"A0A134DR72"	0	39806	0	776	0
"A0A134DR73"	0	40669	0	1640	0
"A0A134DR74"	0	39677	0	647	0
"A0A134DR75"	0	39220	0	190	0
"A0A134DR76"	0	39352	0	322	0
"A0A134DR77"	0	94	0	1	0
"A0A134DR78"	0	40721	0	1692	0
"A0A134DR79"	0	39939	0	909	0
"A0A134DR80"	0	40043	0	1014	0
"A0A134DR81"	0	40006	0	977	0
"A0A134DR82"	0	39781	0	751	0
"A0A134DR83"	0	39981	0	952	0
"A0A134DR84"	0	40096	0	1067	0
"A0A134DR85"	0	39657	0	627	0
"A0A134DR86"	0	39909	0	879	0
"A0A134DR87"	0	40556	0	1527	0
"A0A134DR88"	0	39706	0	676	0
"A0A134DR89"	0	39091	0	61	0
"A0A134DR90"	0	39073	0	43	0
"A0A134DR91"	0	39701	0	671	0
"A0A134DR92"	0	39757	0	727	0
"A0A134DR93"	0	39844	0	814	0
"A0A134DR94"	0	39952	0	922	0
"A0A134DR95"	0	39956	0	926	0
"A0A134DR96"	0	39770	0	740	0
"A0A134DR97"	0	40300	0	1271	0
"A0A134DR98"	0	39853	0	823	0
"A0A134DR99"	0	39876	0	846	0
"A0A134DRA1"	0	39735	0	705	0
"A0A134DRA2"	0	39453	0	423	0
"A0A134DRA3"	0	39783	0	753	0
"A0A134DRA4"	0	39835	0	805	0
"A0A134DRA5"	0	39719	0	689	0
"A0A134DRA6"	0	40187	0	1158	0
"A0A134DRA7"	0	40733	0	1704	0
"A0A134DRA8"	0	39797	0	767	0
"A0A134DRA9"	0	39942	0	912	0
"A0A134DRB0"	0	39973	0	944	0
"A0A134DRB1"	0	40346	0	1317	0
"A0A134DRB2"	0	40143	0	1114	0
"A0A134DRB3"	0	39899	0	869	0
"A0A134DRB4"	0	39563	0	533	0
"A0A134DRB5"	0	40749	0	1720	0
"A0A134DRB6"	0	39515	0	485	0
"A0A134DRB7"	0	40723	0	1694	0
"A0A134DRB8"	0	40791	0	1762	0
"A0A134DRB9"	0	39740	0	710	0
"A0A134DRC0"	0	39903	0	873	0
"A0A134DRC1"	0	40670	0	1641	0
"A0A134DRC2"	0	39117	0	87	0
"A0A134DRC3"	0	39596	0	566	0
"A0A134DRC4"	0	40339	0	1310	0
"A0A134DRC5"	0	39658	0	628	0
"A0A134DRC6"	0	39150	0	120	0
"A0A134DRC7"	0	39622	0	592	0
"A0A134DRC8"	0	39185	0	155	0
"A0A134DRC9"	0	39993	0	964	0
"A0A134DRD0"	0	39558	0	528	0
"A0A134DRD1"	0	40304	0	1275	0
"A0A134DRD2"	0	40418	0	1389	0
"A0A134DRD3"	0	39724	0	694	0
"A0A134DRD4"	0	40391	0	1362	0
"A0A134DRD5"	0	40393	0	1364	0
"A0A134DRD6"	0	39746	0	716	0
"A0A134DRD7"	0	40067	0	1038	0
"A0A134DRD8"	0	39879	0	849	0
"A0A134DRD9"	0	39754	0	724	0
"A0A134DRE0"	0	39968	0	939	0
"A0A134DRE1"	0	39611	0	581	0
"A0A134DRE2"	0	39732	0	702	0
"A0A134DRE3"	0	39493	0	463	0
"A0A134DRE4"	0	40093	0	1064	0
"A0A134DRE5"	0	39212	0	182	0
"A0A134DRE6"	0	39397	0	367	0
"A0A134DRE7"	0	39702	0	672	0
"A0A134DRE8"	0	39508	0	478	0
"A0A134DRE9"	0	40260	0	1231	0
"A0A134DRF0"	0	40021	0	992	0
"A0A134DRF1"	0	39265	0	235	0
"A0A134DRF2"	0	165	0	6	0
"A0A134DRF3"	0	40118	0	1089	0
"A0A134DRF4"	0	39587	0	557	0
"A0A134DRF5"	0	39733	0	703	0
"A0A134DRF6"	0	39731	0	701	0
"A0A134DRF7"	0	40217	0	1188	0
"A0A134DRF8"	0	40247	0	1218	0
"A0A134DRF9"	0	39885	0	855	0
"A0A134DRG0"	0	40396	0	1367	0
"A0A134DRG1"	0	39655	0	625	0
"A0A134DRG2"	0	40788	0	1759	0
"A0A134DRG3"	0	40277	0	1248	0
"A0A134DRG4"	0	40180	0	1151	0
"A0A134DRG5"	0	39804	0	774	0
"A0A134DRG6"	0	40523	0	1494	0
"A0A134DRG7"	0	39935	0	905	0
"A0A134DRG8"	0	39809	0	779	0
"A0A134DRG9"	0	39711	0	681	0
"A0A134DRH0"	0	40095	0	1066	0
"A0A134DRH1"	0	39634	0	604	0
"A0A134DRH2"	0	39860	0	830	0
"A0A134DRH3"	0	40255	0	1226	0
"A0A134DRH4"	0	40203	0	1174	0
"A0A134DRH5"	0	40176	0	1147	0
"A0A134DRH6"	0	40525	0	1496	0
"A0A134DRH7"	0	39343	0	313	0
"A0A134DRH8"	0	40476	0	1447	0
"A0A134DRH9"	0	39338	0	308	0
"A0A134DRI0"	0	40823	0	1794	0
"A0A134DRI2"	0	40291	0	1262	0
"A0A134DRI3"	0	39572	0	542	0
"A0A134DRI4"	0	39947	0	917	0
"A0A134DRI5"	0	40240	0	1211	0
"A0A134DRI6"	0	39239	0	209	0
"A0A134DRI7"	0	40031	0	1002	0
"A0A134DRI8"	0	40177	0	1148	0
"A0A134DRI9"	0	40830	0	1801	0
"A0A134DRJ0"	0	40223	0	1194	0
"A0A134DRJ1"	0	40349	0	1320	0
"A0A134DRJ2"	0	39752	0	722	0
"A0A134DRJ3"	0	39861	0	831	0
"A0A134DRJ4"	0	39312	0	282	0
"A0A134DRJ5"	0	39811	0	781	0
"A0A134DRJ6"	0	39234	0	204	0
"A0A134DRJ7"	0	39269	0	239	0
"A0A134DRJ8"	0	40271	0	1242	0
"A0A134DRJ9"	0	39082	0	52	0
"A0A134DRK0"	0	39595	0	565	0
"A0A134DRK1"	0	39401	0	371	0
"A0A134DRK3"	0	39441	0	411	0
"A0A134DRK4"	0	40705	0	1676	0
"A0A134DRK5"	0	39165	0	135	0
"A0A134DRK6"	0	40138	0	1109	0
"A0A134DRK7"	0	40778	0	1749	0
"A0A134DRK8"	0	39660	0	630	0
"A0A134DRK9"	0	39105	0	75	0
"A0A134DRL0"	0	39984	0	955	0
"A0A134DRL1"	0	40789	0	1760	0
"A0A134DRL2"	0	40199	0	1170	0
"A0A134DRL3"	0	39448	0	418	0
"A0A134DRL4"	0	39121	0	91	0
"A0A134DRL5"	0	39172	0	142	0
"A0A134DRL6"	0	39405	0	375	0
"A0A134DRL7"	0	39473	0	443	0
"A0A134DRL8"	0	40575	0	1546	0
"A0A134DRL9"	0	39226	0	196	0
"A0A134DRM0"	0	40606	0	1577	0
"A0A134DRM1"	0	39878	0	848	0
"A0A134DRM2"	0	40685	0	1656	0
"A0A134DRM3"	0	40321	0	1292	0
"A0A134DRM4"	0	39424	0	394	0
"A0A134DRM5"	0	39070	0	40	0
"A0A134DRM6"	0	39541	0	511	0
"A0A134DRM7"	0	39329	0	299	0
"A0A134DRM8"	0	40537	0	1508	0
"A0A134DRM9"	0	40344	0	1315	0
"A0A134DRN0"	0	40603	0	1574	0
"A0A134DRN1"	0	40543	0	1514	0
"A0A134DRN2"	0	40487	0	1458	0
"A0A134DRN3"	0	40863	0	1834	0
"A0A134DRN4"	0	40408	0	1379	0
"A0A134DRN5"	0	173	0	14	0
"A0A134DRN6"	0	40431	0	1402	0
"A0A134DRN7"	0	39513	0	483	0
"A0A134DRN8"	0	40592	0	1563	0
"A0A134DRN9"	0	39729	0	699	0
"A0A134DRP0"	0	40626	0	1597	0
"A0A134DRP1"	0	40122	0	1093	0
"A0A134DRP2"	0	40643	0	1614	0
"A0A134DRP3"	0	166	0	7	0
"A0A134DRP4"	0	40345	0	1316	0
"A0A134DRP5"	0	40340	0	1311	0
"A0A134DRP6"	0	40326	0	1297	0
"A0A134DRP7"	0	40871	0	1842	0
"A0A134DRP8"	0	39976	0	947	0
"A0A134DRP9"	0	39977	0	948	0
"A0A134DRQ0"	0	39261	0	231	0
"A0A134DRQ1"	0	40676	0	1647	0
"A0A134DRQ2"	0	39926	0	896	0
"A0A134DRQ3"	0	39822	0	792	0
"A0A134DRQ4"	0	39538	0	508	0
"A0A134DRQ5"	0	39834	0	804	0
"A0A134DRQ6"	0	40244	0	1215	0
"A0A134DRQ7"	0	39270	0	240	0
"A0A134DRQ8"	0	40593	0	1564	0
"A0A134DRQ9"	0	40278	0	1249	0
"A0A134DRR0"	0	40347	0	1318	0
"A0A134DRR1"	0	39751	0	721	0
"A0A134DRR2"	0	39741	0	711	0
"A0A134DRR3"	0	40553	0	1524	0
"A0A134DRR4"	0	39464	0	434	0
"A0A134DRR5"	0	39709	0	679	0
"A0A134DRR6"	0	40763	0	1734	0
"A0A134DRR7"	0	40103	0	1074	0
"A0A134DRR8"	0	40020	0	991	0
"A0A134DRR9"	0	40320	0	1291	0
"A0A134DRS0"	0	40406	0	1377	0
"A0A134DRS1"	0	40750	0	1721	0
"A0A134DRS2"	0	40867	0	1838	0
"A0A134DRS3"	0	40053	0	1024	0
"A0A134DRS4"	0	39794	0	764	0
"A0A134DRS5"	0	39577	0	547	0
"A0A134DRS6"	0	39412	0	382	0
"A0A134DRS7"	0	40458	0	1429	0
"A0A134DRS8"	0	39300	0	270	0
"A0A134DRS9"	0	40668	0	1639	0
"A0A134DRT0"	0	39661	0	631	0
"A0A134DRT1"	0	40443	0	1414	0
"A0A134DRT2"	0	39280	0	250	0
"A0A134DRT3"	0	39519	0	489	0
"A0A134DRT4"	0	40253	0	1224	0
"A0A134DRT5"	0	39460	0	430	0
"A0A134DRT6"	0	39452	0	422	0
"A0A134DRT7"	0	40566	0	1537	0
"A0A134DRT8"	0	40252	0	1223	0
"A0A134DRT9"	0	40845	0	1816	0
"A0A134DRU0"	0	39872	0	842	0
"A0A134DRU1"	0	39433	0	403	0
"A0A134DRU2"	0	39455	0	425	0
"A0A134DRU3"	0	39805	0	775	0
"A0A134DRU4"	0	40242	0	1213	0
"A0A134DRU5"	0	39979	0	950	0
"A0A134DRU6"	0	39565	0	535	0
"A0A134DRU7"	0	39839	0	809	0
"A0A134DRU8"	0	39864	0	834	0
"A0A134DRU9"	0	40171	0	1142	0
"A0A134DRV0"	0	40106	0	1077	0
"A0A134DRV1"	0	39695	0	665	0
"A0A134DRV2"	0	176	0	17	0
"A0A134DRV3"	0	40403	0	1374	0
"A0A134DRV4"	0	39842	0	812	0
"A0A134DRV5"	0	39871	0	841	0
"A0A134DRV6"	0	39748	0	718	0
"A0A134DRV7"	0	40207	0	1178	0
"A0A134DRV8"	0	39291	0	261	0
"A0A134DRV9"	0	39459	0	429	0
"A0A134DRW0"	0	39328	0	298	0
"A0A134DRW1"	0	39869	0	839	0
"A0A134DRW2"	0	39841	0	811	0
"A0A134DRW3"	0	39085	0	55	0
"A0A134DRW4"	0	39913	0	883	0
"A0A134DRW5"	0	39631	0	601	0
"A0A134DRW6"	0	39468	0	438	0
"A0A134DRW7"	0	40587	0	1558	0
"A0A134DRW8"	0	39707	0	677	0
"A0A134DRW9"	0	39133	0	103	0
"A0A134DRX0"	0	39099	0	69	0
"A0A134DRX1"	0	39866	0	836	0
"A0A134DRX2"	0	40544	0	1515	0
"A0A134DRX3"	0	40261	0	1232	0
"A0A134DRX4"	0	39194	0	164	0
"A0A134DRX5"	0	39597	0	567	0
"A0A134DRX6"	0	39932	0	902	0
"A0A134DRX7"	0	40054	0	1025	0
"A0A134DRX8"	0	39958	0	929	0
"A0A134DRX9"	0	40315	0	1286	0
"A0A134DRY0"	0	39434	0	404	0
"A0A134DRY1"	0	39478	0	448	0
"A0A134DRY2"	0	39450	0	420	0
"A0A134DRY3"	0	39246	0	216	0
"A0A134DRY4"	0	39292	0	262	0
"A0A134DRY5"	0	40686	0	1657	0
"A0A134DRY6"	0	40365	0	1336	0
"A0A134DRY7"	0	40480	0	1451	0
"A0A134DRY8"	0	40825	0	1796	0
"A0A134DRY9"	0	39481	0	451	0
"A0A134DRZ0"	0	40110	0	1081	0
"A0A134DRZ2"	0	40076	0	1047	0
"A0A134DRZ3"	0	39692	0	662	0
"A0A134DRZ4"	0	39251	0	221	0
"A0A134DRZ5"	0	40380	0	1351	0
"A0A134DRZ6"	0	40161	0	1132	0
"A0A134DRZ7"	0	40018	0	989	0
"A0A134DRZ8"	0	40870	0	1841	0
"A0A134DS02"	0	39850	0	820	0
"A0A134DS03"	0	39496	0	466	0
"A0A134DS04"	0	39131	0	101	0
"A0A134DS05"	0	40542	0	1513	0
"A0A134DS06"	0	39489	0	459	0
"A0A134DS07"	0	40751	0	1722	0
"A0A134DS08"	0	39340	0	310	0
"A0A134DS09"	0	40013	0	984	0
"A0A134DS10"	0	39744	0	714	0
"A0A134DS11"	0	40378	0	1349	0
"A0A134DS12"	0	40496	0	1467	0
"A0A134DS14"	0	40001	0	972	0
"A0A134DS15"	0	40125	0	1096	0
"A0A134DS16"	0	39889	0	859	0
"A0A134DS20"	0	40201	0	1172	0
"A0A134DS22"	0	39277	0	247	0
"A0A134DS23"	0	39689	0	659	0
"A0A134DS27"	0	39793	0	763	0
"A0A134DS30"	0	39124	0	94	0
"A0A134DS32"	0	39886	0	856	0
"A0A134DS37"	0	39612	0	582	0
"A0A134DS38"	0	40174	0	1145	0
"A0A134DS45"	0	39982	0	953	0
"A0A134DS55"	0	40072	0	1043	0
"A0A134DS64"	0	40797	0	1768	0
"A0PA65"	0	39580	0	550	0
"A0PA66"	0	39561	0	531	0
"A2I2W2"	0	39557	0	527	0
"A5LFV2"	0	39555	0	525	0
"F5HCQ7"	0	39636	0	606	0
"O83010"	0	39544	0	514	0
"Q20K61"	0	39653	0	623	0
"Q5CD03"	0	39562	0	532	0
"Q5DWQ9"	0	39601	0	571	0
"Q5UNS0"	0	39602	0	572	0
"Q8G962"	0	39573	0	543	0
"Q8L3L7"	0	39539	0	509	0
"Q9KJG2"	0	39649	0	619	0
"Q9R420"	0	40014	0	985	0
"Q9S3R2"	0	39678	0	648	0
"Q9X6Q9"	0	39633	0	603	0
"Q9X6S7"	0	39564	0	534	0
"Q9X7I1"	0	39630	0	600	0
"R4X5U3"	1	40015	1	986	1
